﻿{
  "default_id": "ios_17_iphone14pro_a",
  "profiles": [
    {
      "id": "original",
      "label": "Original (sem mascara)"
    },
    {
      "id": "ios_17_iphone14pro_a",
      "label": "iOS 17 iPhone 14 Pro (A)",
      "device_model": "iPhone 14 Pro",
      "system_version": "iOS 17.2",
      "app_version": "10.5.0",
      "lang_code": "pt-br",
      "system_lang_code": "pt-br"
    },
    {
      "id": "ios_17_iphone14pro_b",
      "label": "iOS 17 iPhone 14 Pro (B)",
      "device_model": "iPhone 14 Pro",
      "system_version": "iOS 17.0",
      "app_version": "10.4.0",
      "lang_code": "pt-br",
      "system_lang_code": "pt-br"
    },
    {
      "id": "ios_17_iphone15pro_a",
      "label": "iOS 17 iPhone 15 Pro (A)",
      "device_model": "iPhone 15 Pro",
      "system_version": "iOS 17.3",
      "app_version": "10.5.0",
      "lang_code": "pt-br",
      "system_lang_code": "pt-br"
    },
    {
      "id": "ios_17_iphone15pro_b",
      "label": "iOS 17 iPhone 15 Pro (B)",
      "device_model": "iPhone 15 Pro",
      "system_version": "iOS 17.1",
      "app_version": "10.4.2",
      "lang_code": "pt-br",
      "system_lang_code": "pt-br"
    },
    {
      "id": "ios_16_iphone13_a",
      "label": "iOS 16 iPhone 13 (A)",
      "device_model": "iPhone 13",
      "system_version": "iOS 16.6",
      "app_version": "10.3.2",
      "lang_code": "pt-br",
      "system_lang_code": "pt-br"
    },
    {
      "id": "ios_16_iphone13_b",
      "label": "iOS 16 iPhone 13 (B)",
      "device_model": "iPhone 13",
      "system_version": "iOS 16.4",
      "app_version": "10.2.1",
      "lang_code": "pt-br",
      "system_lang_code": "pt-br"
    },
    {
      "id": "ios_16_iphone12_a",
      "label": "iOS 16 iPhone 12 (A)",
      "device_model": "iPhone 12",
      "system_version": "iOS 16.7",
      "app_version": "10.3.0",
      "lang_code": "pt-br",
      "system_lang_code": "pt-br"
    },
    {
      "id": "ios_16_iphone12_b",
      "label": "iOS 16 iPhone 12 (B)",
      "device_model": "iPhone 12",
      "system_version": "iOS 16.3",
      "app_version": "10.2.0",
      "lang_code": "pt-br",
      "system_lang_code": "pt-br"
    },
    {
      "id": "ios_15_iphone11_a",
      "label": "iOS 15 iPhone 11 (A)",
      "device_model": "iPhone 11",
      "system_version": "iOS 15.8",
      "app_version": "9.6.1",
      "lang_code": "pt-br",
      "system_lang_code": "pt-br"
    },
    {
      "id": "ios_15_iphone11_b",
      "label": "iOS 15 iPhone 11 (B)",
      "device_model": "iPhone 11",
      "system_version": "iOS 15.6",
      "app_version": "9.4.2",
      "lang_code": "pt-br",
      "system_lang_code": "pt-br"
    },
    {
      "id": "android_14_pixel8_a",
      "label": "Android 14 Pixel 8 (A)",
      "device_model": "Pixel 8",
      "system_version": "Android 14",
      "app_version": "10.5.0",
      "lang_code": "pt-br",
      "system_lang_code": "pt-br"
    },
    {
      "id": "android_14_pixel7_a",
      "label": "Android 14 Pixel 7 (A)",
      "device_model": "Pixel 7",
      "system_version": "Android 14",
      "app_version": "10.4.2",
      "lang_code": "pt-br",
      "system_lang_code": "pt-br"
    },
    {
      "id": "android_13_s22_a",
      "label": "Android 13 Galaxy S22 (A)",
      "device_model": "Samsung Galaxy S22",
      "system_version": "Android 13",
      "app_version": "10.5.0",
      "lang_code": "pt-br",
      "system_lang_code": "pt-br"
    },
    {
      "id": "android_13_s23_a",
      "label": "Android 13 Galaxy S23 (A)",
      "device_model": "Samsung Galaxy S23",
      "system_version": "Android 13",
      "app_version": "10.4.0",
      "lang_code": "pt-br",
      "system_lang_code": "pt-br"
    },
    {
      "id": "android_13_a54_a",
      "label": "Android 13 Galaxy A54 (A)",
      "device_model": "Samsung Galaxy A54",
      "system_version": "Android 13",
      "app_version": "10.3.2",
      "lang_code": "pt-br",
      "system_lang_code": "pt-br"
    },
    {
      "id": "android_13_mi12_a",
      "label": "Android 13 Xiaomi 12 (A)",
      "device_model": "Xiaomi 12",
      "system_version": "Android 13",
      "app_version": "10.4.2",
      "lang_code": "pt-br",
      "system_lang_code": "pt-br"
    },
    {
      "id": "android_13_redmi12_a",
      "label": "Android 13 Redmi Note 12 (A)",
      "device_model": "Xiaomi Redmi Note 12",
      "system_version": "Android 13",
      "app_version": "10.3.0",
      "lang_code": "pt-br",
      "system_lang_code": "pt-br"
    },
    {
      "id": "android_13_moto_g_a",
      "label": "Android 13 Moto G (A)",
      "device_model": "Motorola Moto G",
      "system_version": "Android 13",
      "app_version": "10.2.1",
      "lang_code": "pt-br",
      "system_lang_code": "pt-br"
    },
    {
      "id": "android_12_s21_a",
      "label": "Android 12 Galaxy S21 (A)",
      "device_model": "Samsung Galaxy S21",
      "system_version": "Android 12",
      "app_version": "10.1.0",
      "lang_code": "pt-br",
      "system_lang_code": "pt-br"
    },
    {
      "id": "android_12_a32_a",
      "label": "Android 12 Galaxy A32 (A)",
      "device_model": "Samsung Galaxy A32",
      "system_version": "Android 12",
      "app_version": "10.0.2",
      "lang_code": "pt-br",
      "system_lang_code": "pt-br"
    },
    {
      "id": "android_12_redmi10_a",
      "label": "Android 12 Redmi 10 (A)",
      "device_model": "Xiaomi Redmi 10",
      "system_version": "Android 12",
      "app_version": "10.0.0",
      "lang_code": "pt-br",
      "system_lang_code": "pt-br"
    },
    {
      "id": "android_11_moto_e_a",
      "label": "Android 11 Moto E (A)",
      "device_model": "Motorola Moto E",
      "system_version": "Android 11",
      "app_version": "9.9.1",
      "lang_code": "pt-br",
      "system_lang_code": "pt-br"
    },
    {
      "id": "android_11_a20_a",
      "label": "Android 11 Galaxy A20 (A)",
      "device_model": "Samsung Galaxy A20",
      "system_version": "Android 11",
      "app_version": "9.8.0",
      "lang_code": "pt-br",
      "system_lang_code": "pt-br"
    },
    {
      "id": "android_10_j7_a",
      "label": "Android 10 Galaxy J7 (A)",
      "device_model": "Samsung Galaxy J7",
      "system_version": "Android 10",
      "app_version": "9.7.2",
      "lang_code": "pt-br",
      "system_lang_code": "pt-br"
    },
    {
      "id": "desktop_win_10",
      "label": "Desktop Windows 10",
      "device_model": "PC Windows",
      "system_version": "Windows 10",
      "app_version": "4.16.0",
      "lang_code": "pt-br",
      "system_lang_code": "pt-br"
    },
    {
      "id": "desktop_win_11",
      "label": "Desktop Windows 11",
      "device_model": "PC Windows",
      "system_version": "Windows 11",
      "app_version": "4.16.0",
      "lang_code": "pt-br",
      "system_lang_code": "pt-br"
    },
    {
      "id": "desktop_macos_13",
      "label": "Desktop macOS 13",
      "device_model": "Mac",
      "system_version": "macOS 13",
      "app_version": "10.5.0",
      "lang_code": "pt-br",
      "system_lang_code": "pt-br"
    },
    {
      "id": "desktop_macos_14",
      "label": "Desktop macOS 14",
      "device_model": "Mac",
      "system_version": "macOS 14",
      "app_version": "10.5.0",
      "lang_code": "pt-br",
      "system_lang_code": "pt-br"
    },
    {
      "id": "linux_ubuntu_22",
      "label": "Desktop Ubuntu 22.04",
      "device_model": "PC Linux",
      "system_version": "Ubuntu 22.04",
      "app_version": "10.5.0",
      "lang_code": "pt-br",
      "system_lang_code": "pt-br"
    }
  ]
}
